test_id,model_used,prompt_token_count,output_token_count,latency_seconds,ttft_seconds,p_idle_watts,total_energy_joules,net_energy_joules,joules_per_token,nvml_used,response_text,dataset,target_tier,quality_score
eval_1789833646438,llama3.1:8b,973,190,4.4898,2.3284,14.76,330.7459,264.4845,1.392,True,"Here is a summary of the news article in 3 concise bullet points:

• **Zully Broussard's selfless act:** Zully Broussard, a kidney donor, decided to give one of her kidneys to a stranger. This act of kindness set off a chain reaction, resulting in six patients receiving transplants.

• **Unprecedented chain reaction:** This chain of surgeries is rare, and it was made possible by a computer program called MatchGrid, created by David Jacobs. The program quickly matched up donor pairs or chains, allowing for a record-breaking number of transplants in a short amount of time.

• **Remarkable impact:** The article highlights the significance of Broussard's selfless act, stating that it opened up 140 potential matching options between donors and recipients, making it possible to perform multiple surgeries. This story showcases the power of kindness and the positive impact it can have on a large scale.",cnn_dailymail,3,0.21311475409836064
eval_1789833664851,llama3.1:8b,1653,220,8.4176,5.8845,14.76,945.6305,821.4025,3.7336,True,"Here is a 2-3 concise bullet point summary of the article:

• **Progress and growth**: The MLS has made significant progress since its inception in 1996, with increased attendances, a tripling of its media rights deal, and the addition of new teams. The league has also attracted high-profile players like David Beckham, Thierry Henry, and David Villa.

• **Challenges ahead**: Despite the progress, the league still faces significant challenges, including the lack of a competitive market for top players and the need to adapt its player development and trading strategies to remain competitive with foreign leagues. The league's salary cap and limitations on attracting top talent have been major obstacles to growth.

• **New strategies emerge**: The article highlights the need for the league to prioritize attracting and developing young, promising players with European passports and a sell-on value. The example of the transfer of Oriol Rossell, a Spanish midfielder, is cited as a positive example of this strategy. The article suggests that the signing of younger players with big potential will be a key focus for the league going forward.",cnn_dailymail,3,0.17931034482758623
eval_1789833682195,llama3.1:8b,113,275,8.8401,5.6545,14.76,1023.6048,893.1423,3.2478,True,"Let's break down the problem step-by-step.

**Step 1: Understand the problem**
Janet lays 16 eggs per day. She eats 3 for breakfast and bakes 4 muffins. We need to find out how many eggs she has left to sell at the farmers' market.

**Step 2: Calculate the number of eggs laid**
Janet lays 16 eggs per day.

**Step 3: Calculate the number of eggs eaten and baked**
Janet eats 3 eggs for breakfast and bakes 4 muffins. This means she uses a total of 3 + 4 = 7 eggs.

**Step 4: Calculate the number of eggs left to sell**
Janet lays 16 eggs, but she uses 7 eggs. To find out how many eggs are left, subtract 7 from 16:

16 (eggs laid) - 7 (eggs used) = 9 (eggs left to sell)

**Step 5: Calculate the income from selling eggs**
Janet sells the remaining 9 eggs at the farmers' market for $2 per egg. To find out how much she makes, multiply the number of eggs by the price per egg:

9 (eggs left to sell) x $2 (per egg) = $18

#### $18#### [final answer]",gsm8k,3,1.0
eval_1789833694906,llama3.1:8b,76,367,6.2722,2.1577,14.76,916.742,824.1758,2.2457,True,"I'd be happy to help!

Let's break down the problem step-by-step:

**Step 1:** Understand the problem
The problem is asking us to find the total number of bolts needed. It says that the robe takes 2 bolts of blue fiber and half that much white fiber. This means we need to find the number of bolts needed for the white fiber and then add that to the 2 bolts already needed for the blue fiber.

**Step 2:** Convert the half into a fraction
The problem says ""half that much"" white fiber, but it doesn't give us a concrete number. To solve this, we need to convert the ""half"" into a fraction. We can do this by dividing 1 (the whole) by 2, which gives us 1/2.

**Step 3:** Find the number of bolts needed for white fiber
The problem says that the number of bolts needed for white fiber is half the number of bolts needed for blue fiber. So, we need to multiply 2 (the number of bolts needed for blue fiber) by 1/2 (the fraction representing half).

2 x 1/2 = 2 x 0.5 = 1 bolt

So, we need 1 bolt of white fiber.

**Step 4:** Add the number of bolts needed for blue and white fibers
We already know we need 2 bolts of blue fiber. We also just found out that we need 1 bolt of white fiber. To find the total number of bolts needed, we add these two numbers together:

2 (blue) + 1 (white) = 3 bolts

**Final Answer:**#### 3 bolts

I hope this step-by-step solution helps! Let me know if you have any questions or need further clarification.",gsm8k,3,1.0
eval_1789833707497,llama3.1:8b,156,323,5.95,2.3737,14.76,809.5708,721.7598,2.2346,True,"Here is the correct and efficient implementation of the function:

```python
from typing import List


def has_close_elements(numbers: List[float], threshold: float) -> bool:
    """""" Check if in given list of numbers, are any two numbers closer to each other than
    given threshold.
    """"""
    numbers.sort()  # sort the list to efficiently check for adjacent elements
    for i in range(1, len(numbers)):
        if abs(numbers[i] - numbers[i-1]) <= threshold:
            return True
    return False
```

This function iterates over the sorted list of numbers, checking if the difference between adjacent elements is less than or equal to the given threshold. If it finds such a pair, it immediately returns `True`. If it doesn't find any such pair after checking all elements, it returns `False`.

The time complexity of this function is O(n log n) due to the sorting, where n is the number of elements in the input list. The space complexity is O(1) because we only use a constant amount of space to store the input list and the threshold. This is the most efficient possible solution, as we need to check each pair of elements at least once to determine if any are closer than the threshold.

Note: The `has_close_elements` function will return `True` even if the input list contains duplicate elements. If you want to avoid this, you can modify the function to skip duplicate elements or to remove duplicates from the input list before checking. However, this would not affect the time or space complexity of the function.",humaneval,3,1.0
eval_1789833718850,llama3.1:8b,147,307,5.7855,2.308,14.76,783.843,698.4607,2.2751,True,"Here is a Python solution for the problem. The function works by iterating over the input string and maintaining a counter to track the nesting level of parentheses. When the counter becomes zero, it means a group has been closed and we can append it to our result list.

```python
from typing import List

def separate_paren_groups(paren_string: str) -> List[str]:
    result = []
    group = ''
    counter = 0

    for char in paren_string:
        if char == '(':
            counter += 1
            group += char
        elif char == ')':
            counter -= 1
            group += char
            if counter == 0:
                result.append(group)
                group = ''
        else:
            continue

    return result

```

Here's how you could test the function:

```python
assert set(separate_paren_groups('( ) (( )) (( )( ))')) == set(['()', '(())', '(()())'])
```

This test checks if the output list matches the expected result. The `set` function is used to remove duplicate groups, which is not a requirement in the problem but it's a good practice to keep the output list free from duplicates.

This solution has a time complexity of O(n) where n is the length of the input string. It iterates over the input string once and maintains a counter to track the nesting level. It does not use any recursive calls or data structures with a high time complexity, making it efficient for large inputs.",humaneval,3,1.0
eval_1789833726529,llama3.1:8b,68,77,3.1497,2.2538,14.76,199.6529,153.1687,1.9892,True,"The relationship between the premise and hypothesis is **ENTAILMENT**.

The premise states that the new rights are ""nice enough"", which implies that the benefits provided by these new rights are positive and well-received. The hypothesis is then stating that ""everyone really likes the newest benefits"", which is a direct consequence of the premise. The hypothesis is logically entailed by the premise.",mnli,3,0.0
eval_1789833740066,llama3.1:8b,87,74,5.8377,5.0434,14.76,472.6212,386.4679,5.2225,True,"The relationship between the premise and hypothesis is:
**contradiction**

The premise states that the website has a searchable database of Government Executive articles, which directly contradicts the hypothesis that the articles cannot be searched. The two statements cannot be true at the same time, and the hypothesis is a negation of the premise. Therefore, the relationship is one of contradiction.",mnli,3,1.0
eval_1789833755479,llama3.1:8b,219,200,8.1465,5.7172,14.76,884.3785,764.1523,3.8208,True,"Read the context below and answer the question concisely based ONLY on the provided context.

Context: The Normans (Norman: Nourmands; French: Normands; Latin: Normanni) were the people who in the 10th and 11th centuries gave their name to Normandy, a region in France. They were descended from Norse (""Norman"" comes from ""Norseman"") raiders and pirates from Denmark, Iceland and Norway who, under their leader Rollo, agreed to swear fealty to King Charles III of West Francia. Through generations of assimilation and mixing with the native Frankish and Roman-Gaulish populations, their descendants would gradually merge with the Carolingian-based cultures of West Francia. The distinct cultural and ethnic identity of the Normans emerged initially in the first half of the 10th century, and it continued to evolve over the succeeding centuries.

Question: In what country is Normandy located?

Answer: France.",squad,3,1.0
eval_1789833770413,llama3.1:8b,220,198,7.7649,5.3629,14.76,797.9767,683.3816,3.4514,True,"Read the context below and answer the question concisely based ONLY on the provided context.

Context: The Normans (Norman: Nourmands; French: Normands; Latin: Normanni) were the people who in the 10th and 11th centuries gave their name to Normandy, a region in France. They were descended from Norse (""Norman"" comes from ""Norseman"") raiders and pirates from Denmark, Iceland and Norway who, under their leader Rollo, agreed to swear fealty to King Charles III of West Francia. Through generations of assimilation and mixing with the native Frankish and Roman-Gaulish populations, their descendants would gradually merge with the Carolingian-based cultures of West Francia. The distinct cultural and ethnic identity of the Normans emerged initially in the first half of the 10th century, and it continued to evolve over the succeeding centuries.

Answer: The 10th and 11th centuries.",squad,3,1.0
eval_1789833784242,llama3.1:8b,56,76,6.5674,5.6133,14.76,533.0819,436.1591,5.7389,True,"I would classify the sentiment of this movie review as **positive**. The reviewer uses the word ""charming"" to describe the movie, which is a positive adjective. Additionally, the reviewer mentions that the movie is ""affecting"", which suggests that it has an emotional impact on them. The tone of the review is encouraging and suggests that the reviewer enjoyed the movie.",sst2,3,1.0
eval_1789833794956,llama3.1:8b,53,49,3.1859,2.4759,14.76,248.1728,201.1547,4.1052,True,"I would classify the sentiment of this review as 'negative'. The use of words such as ""unflinchingly bleak"" and ""desperate"" convey a sense of hopelessness and despair, indicating a strongly negative opinion of the movie.",sst2,3,1.0
